{"validation_loss": 6.73540735244751, "bleu": 0.6055423151437905}