{"validation_loss": 7.139100551605225, "bleu": 1.6125520345506699}