{"validation_loss": 6.993448734283447, "bleu": 1.6125520345506699}