{"validation_loss": 8.423425674438477, "bleu": 1.0513576942568417}