{"validation_loss": 8.205034255981445, "bleu": 1.0513576942568417}