{"validation_loss": 6.9056525230407715, "bleu": 0.6055423151437905}