{"validation_loss": 6.49091100692749, "bleu": 0.6055423151437905}