{"validation_loss": 7.944161415100098, "bleu": 1.0513576942568417}