{"validation_loss": 8.652923583984375, "bleu": 1.0513576942568417}