{"validation_loss": 6.594512939453125, "bleu": 0.6055423151437905}