{"validation_loss": 6.5797882080078125, "bleu": 0.6055423151437905}