{"validation_loss": 7.608128547668457, "bleu": 1.4801985917178377}