{"validation_loss": 6.6797051429748535, "bleu": 1.1807169905305992}