{"validation_loss": 7.36156702041626, "bleu": 1.4801985917178377}