{"validation_loss": 6.543313026428223, "bleu": 1.6125520345506699}